{"cameraMode":{"drawMode":0,"name":"Shaded","section":"Shading Mode"},"sceneLighting":true,"audioPlay":false,"sceneViewState":{"showFog":true,"showMaterialUpdate":false,"showSkybox":true,"showFlares":true,"showImageEffects":true,"showParticleSystems":true},"in2DMode":false,"pivot":{"x":33.83369827270508,"y":7.640125274658203,"z":-8.194809913635254},"rotation":{"x":0.2666051685810089,"y":-0.016919847577810289,"z":0.004728274419903755,"w":0.9637470841407776},"size":19.587326049804689,"orthographic":false}